{
  "__type__": "cc.SpriteFrame",
  "content": {
    "name": "ic_content_character_man@3x",
    "atlas": "",
    "rect": {
      "x": 1,
      "y": 7,
      "width": 177,
      "height": 377
    },
    "offset": {
      "x": -6.5,
      "y": -0.5
    },
    "originalSize": {
      "width": 192,
      "height": 390
    },
    "rotated": false,
    "capInsets": [
      0,
      0,
      0,
      0
    ],
    "vertices": {
      "rawPosition": [
        -88.5,
        -188.5,
        0,
        88.5,
        -188.5,
        0,
        -88.5,
        188.5,
        0,
        88.5,
        188.5,
        0
      ],
      "indexes": [
        0,
        1,
        2,
        2,
        1,
        3
      ],
      "uv": [
        1,
        383,
        178,
        383,
        1,
        6,
        178,
        6
      ],
      "nuv": [
        0.005208333333333333,
        0.015384615384615385,
        0.9270833333333334,
        0.015384615384615385,
        0.005208333333333333,
        0.982051282051282,
        0.9270833333333334,
        0.982051282051282
      ],
      "minPos": {
        "x": -88.5,
        "y": -188.5,
        "z": 0
      },
      "maxPos": {
        "x": 88.5,
        "y": 188.5,
        "z": 0
      }
    },
    "texture": "b1bad455-7a50-4679-ae6a-953e84e4a360@6c48a",
    "packable": true,
    "pixelsToUnit": 100,
    "pivot": {
      "x": 0.5,
      "y": 0.5
    },
    "meshType": 0
  }
}