{
  "__type__": "cc.SpriteFrame",
  "content": {
    "name": "顶点暴风",
    "atlas": "",
    "rect": {
      "x": 5,
      "y": 0,
      "width": 50,
      "height": 48
    },
    "offset": {
      "x": 0,
      "y": 0
    },
    "originalSize": {
      "width": 60,
      "height": 48
    },
    "rotated": false,
    "capInsets": [
      0,
      0,
      0,
      0
    ],
    "vertices": {
      "rawPosition": [
        -25,
        -24,
        0,
        25,
        -24,
        0,
        -25,
        24,
        0,
        25,
        24,
        0
      ],
      "indexes": [
        0,
        1,
        2,
        2,
        1,
        3
      ],
      "uv": [
        5,
        48,
        55,
        48,
        5,
        0,
        55,
        0
      ],
      "nuv": [
        0.08333333333333333,
        0,
        0.9166666666666666,
        0,
        0.08333333333333333,
        1,
        0.9166666666666666,
        1
      ],
      "minPos": {
        "x": -25,
        "y": -24,
        "z": 0
      },
      "maxPos": {
        "x": 25,
        "y": 24,
        "z": 0
      }
    },
    "texture": "e7318595-bfba-4ebc-956b-ddff27a2c8da@6c48a",
    "packable": true,
    "pixelsToUnit": 100,
    "pivot": {
      "x": 0.5,
      "y": 0.5
    },
    "meshType": 0
  }
}