{
  "__type__": "cc.SpriteFrame",
  "content": {
    "name": "ic_content_character_women@3x",
    "atlas": "",
    "rect": {
      "x": 1,
      "y": 0,
      "width": 199,
      "height": 377
    },
    "offset": {
      "x": -1.5,
      "y": 0.5
    },
    "originalSize": {
      "width": 204,
      "height": 378
    },
    "rotated": false,
    "capInsets": [
      0,
      0,
      0,
      0
    ],
    "vertices": {
      "rawPosition": [
        -99.5,
        -188.5,
        0,
        99.5,
        -188.5,
        0,
        -99.5,
        188.5,
        0,
        99.5,
        188.5,
        0
      ],
      "indexes": [
        0,
        1,
        2,
        2,
        1,
        3
      ],
      "uv": [
        1,
        378,
        200,
        378,
        1,
        1,
        200,
        1
      ],
      "nuv": [
        0.004901960784313725,
        0.0026455026455026454,
        0.9803921568627451,
        0.0026455026455026454,
        0.004901960784313725,
        1,
        0.9803921568627451,
        1
      ],
      "minPos": {
        "x": -99.5,
        "y": -188.5,
        "z": 0
      },
      "maxPos": {
        "x": 99.5,
        "y": 188.5,
        "z": 0
      }
    },
    "texture": "46150eed-33da-4b7a-b597-1fda269e786d@6c48a",
    "packable": true,
    "pixelsToUnit": 100,
    "pivot": {
      "x": 0.5,
      "y": 0.5
    },
    "meshType": 0
  }
}